rowKind,subjectId,field,extractionId,value,valueHash,sourceId,underlyingWorkId,url,editionStatus,edition,accessId,locator,accessedOn,accessMethod,textAccess,classification,assessmentMode,comparisonId,comparedWith,underlyingWorkRelationship,rationale
field_observation,HA-M-000001,origin,E-HOA-HA-M-000001-origin,"{""condyles"":[""lateral femoral condyle"",""medial femoral condyle""],""headAssignments"":{""HA-P-000001"":""lateral femoral condyle"",""HA-P-000002"":""medial femoral condyle""}}",d9bd43419dc5b23d99d863cf13587de7b357985484b44c562387bb4917a7ace9,T18-HANDS-ON-ANATOMY-2024,WORK-HANDS-ON-ANATOMY-2024,https://temple.manifoldapp.org/read/a852952e-bd23-4a54-be97-be3a7ef5039f/section/fbaf4654-749e-4c63-baed-5d17cf03aafe,verified,"Hands-on Anatomy, 2024 publication (no numbered edition stated), Chapter 7: The Knee and Lower Leg; title/copyright page states ©2024.",A-HOA-HA-M-000001-origin,Chapter 7 > Musculature with Palpation Instructions > Gastrocnemius > Origin(s),2026-09-27,publisher_full_text,full_text_opened,wording_difference,ai_candidate,C-HA-M-000001-origin,E-SP-HA-M-000001-origin,independent_underlying_works,"Both sources name the medial and lateral femoral condyles. Hands-on Anatomy maps each condyle to its head; the StatPearls table does not split the mapping, so head-specific support remains single-source."
field_observation,HA-M-000001,origin,E-SP-HA-M-000001-origin,"{""condyles"":[""medial femoral condyle"",""lateral femoral condyle""],""headAssignments"":null}",3c6c1429b6a8c30da6fee2be10df68c24920697f5168b6f85d55f86f91751ade,T18-STATPEARLS-FOOT-MUSCLES-2025,WORK-STATPEARLS-CARD-BORDONI-2025,https://www.ncbi.nlm.nih.gov/books/NBK539705/table/article-32230.table0/,verified,"Card RK, Bordoni B. Anatomy, Bony Pelvis and Lower Limb, Foot Muscles. Updated 2025-12-09. In: StatPearls [Internet], 2026 Jan-. Table 1.",A-SP-HA-M-000001-origin,"Table 1, Gastrocnemius row, Origin column",2026-09-27,repository_full_text,full_text_opened,wording_difference,ai_candidate,C-HA-M-000001-origin,E-HOA-HA-M-000001-origin,independent_underlying_works,"Both sources name the medial and lateral femoral condyles. Hands-on Anatomy maps each condyle to its head; the StatPearls table does not split the mapping, so head-specific support remains single-source."
field_observation,HA-M-000001,insertion,E-HOA-HA-M-000001-insertion,"{""site"":""calcaneus""}",802b72a65b52d83b1678f1019d26aa7c68d513d179338d9fd73811ec42d411f8,T18-HANDS-ON-ANATOMY-2024,WORK-HANDS-ON-ANATOMY-2024,https://temple.manifoldapp.org/read/a852952e-bd23-4a54-be97-be3a7ef5039f/section/fbaf4654-749e-4c63-baed-5d17cf03aafe,verified,"Hands-on Anatomy, 2024 publication (no numbered edition stated), Chapter 7: The Knee and Lower Leg; title/copyright page states ©2024.",A-HOA-HA-M-000001-insertion,Chapter 7 > Gastrocnemius > Insertion(s),2026-09-27,publisher_full_text,full_text_opened,wording_difference,ai_candidate,C-HA-M-000001-insertion,E-SP-HA-M-000001-insertion,independent_underlying_works,Both place the insertion at the calcaneus; the StatPearls table additionally describes the shared Achilles-tendon pathway.
field_observation,HA-M-000001,insertion,E-SP-HA-M-000001-insertion,"{""pathway"":""joins soleus to form Achilles tendon"",""site"":""calcaneus""}",c4e8bc6edd6181ea97b4edd41e5cf7b89064a47482dd1e3cf673bd2bac03f5fc,T18-STATPEARLS-FOOT-MUSCLES-2025,WORK-STATPEARLS-CARD-BORDONI-2025,https://www.ncbi.nlm.nih.gov/books/NBK539705/table/article-32230.table0/,verified,"Card RK, Bordoni B. Anatomy, Bony Pelvis and Lower Limb, Foot Muscles. Updated 2025-12-09. In: StatPearls [Internet], 2026 Jan-. Table 1.",A-SP-HA-M-000001-insertion,"Table 1, Gastrocnemius row, Insertion column",2026-09-27,repository_full_text,full_text_opened,wording_difference,ai_candidate,C-HA-M-000001-insertion,E-HOA-HA-M-000001-insertion,independent_underlying_works,Both place the insertion at the calcaneus; the StatPearls table additionally describes the shared Achilles-tendon pathway.
field_observation,HA-M-000002,origin,E-HOA-HA-M-000002-origin,"{""fibula"":""posterior head and superior aspect"",""tibia"":[""soleal line"",""middle third""]}",76f874f636b2ecba2020d935d7124e9a1198cb9cdddc1ae2552f87c3a12ff6b6,T18-HANDS-ON-ANATOMY-2024,WORK-HANDS-ON-ANATOMY-2024,https://temple.manifoldapp.org/read/a852952e-bd23-4a54-be97-be3a7ef5039f/section/fbaf4654-749e-4c63-baed-5d17cf03aafe,verified,"Hands-on Anatomy, 2024 publication (no numbered edition stated), Chapter 7: The Knee and Lower Leg; title/copyright page states ©2024.",A-HOA-HA-M-000002-origin,Chapter 7 > Soleus > Origin(s),2026-09-27,publisher_full_text,full_text_opened,wording_difference,ai_candidate,C-HA-M-000002-origin,E-SP-HA-M-000002-origin,independent_underlying_works,Both include posterior fibula and posterior tibia. Their extent wording differs; the records preserve each source rather than deriving one boundary.
field_observation,HA-M-000002,origin,E-SP-HA-M-000002-origin,"{""fibula"":""upper one quarter, posterior"",""tibia"":""middle posterior""}",da5eb54690bc42544ab38738ab22796aa56c6ba0db80e654f3e178691857f020,T18-STATPEARLS-FOOT-MUSCLES-2025,WORK-STATPEARLS-CARD-BORDONI-2025,https://www.ncbi.nlm.nih.gov/books/NBK539705/table/article-32230.table0/,verified,"Card RK, Bordoni B. Anatomy, Bony Pelvis and Lower Limb, Foot Muscles. Updated 2025-12-09. In: StatPearls [Internet], 2026 Jan-. Table 1.",A-SP-HA-M-000002-origin,"Table 1, Soleus row, Origin column",2026-09-27,repository_full_text,full_text_opened,wording_difference,ai_candidate,C-HA-M-000002-origin,E-HOA-HA-M-000002-origin,independent_underlying_works,Both include posterior fibula and posterior tibia. Their extent wording differs; the records preserve each source rather than deriving one boundary.
field_observation,HA-M-000002,insertion,E-HOA-HA-M-000002-insertion,"{""site"":""calcaneus""}",802b72a65b52d83b1678f1019d26aa7c68d513d179338d9fd73811ec42d411f8,T18-HANDS-ON-ANATOMY-2024,WORK-HANDS-ON-ANATOMY-2024,https://temple.manifoldapp.org/read/a852952e-bd23-4a54-be97-be3a7ef5039f/section/fbaf4654-749e-4c63-baed-5d17cf03aafe,verified,"Hands-on Anatomy, 2024 publication (no numbered edition stated), Chapter 7: The Knee and Lower Leg; title/copyright page states ©2024.",A-HOA-HA-M-000002-insertion,Chapter 7 > Soleus > Insertion(s),2026-09-27,publisher_full_text,full_text_opened,wording_difference,ai_candidate,C-HA-M-000002-insertion,E-SP-HA-M-000002-insertion,independent_underlying_works,Both place the insertion at the calcaneus; the StatPearls table describes a shared Achilles-tendon pathway.
field_observation,HA-M-000002,insertion,E-SP-HA-M-000002-insertion,"{""pathway"":""joins gastrocnemius to form Achilles tendon"",""site"":""calcaneus""}",5319acf6acd37241982da926ec2bfd50c57e8b1a08fdbe2503b6be26b1456acd,T18-STATPEARLS-FOOT-MUSCLES-2025,WORK-STATPEARLS-CARD-BORDONI-2025,https://www.ncbi.nlm.nih.gov/books/NBK539705/table/article-32230.table0/,verified,"Card RK, Bordoni B. Anatomy, Bony Pelvis and Lower Limb, Foot Muscles. Updated 2025-12-09. In: StatPearls [Internet], 2026 Jan-. Table 1.",A-SP-HA-M-000002-insertion,"Table 1, Soleus row, Insertion column",2026-09-27,repository_full_text,full_text_opened,wording_difference,ai_candidate,C-HA-M-000002-insertion,E-HOA-HA-M-000002-insertion,independent_underlying_works,Both place the insertion at the calcaneus; the StatPearls table describes a shared Achilles-tendon pathway.
field_observation,HA-M-000003,origin,E-HOA-HA-M-000003-origin,"{""interosseousMembrane"":true,""tibia"":[""lateral condyle"",""superior half""]}",89fa9fd482b77e19cde75e62f9b9bb4f0eeeef9eb5039b1716517d8798bc0f7e,T18-HANDS-ON-ANATOMY-2024,WORK-HANDS-ON-ANATOMY-2024,https://temple.manifoldapp.org/read/a852952e-bd23-4a54-be97-be3a7ef5039f/section/fbaf4654-749e-4c63-baed-5d17cf03aafe,verified,"Hands-on Anatomy, 2024 publication (no numbered edition stated), Chapter 7: The Knee and Lower Leg; title/copyright page states ©2024.",A-HOA-HA-M-000003-origin,Chapter 7 > Tibialis Anterior > Origin(s),2026-09-27,publisher_full_text,full_text_opened,wording_difference,ai_candidate,C-HA-M-000003-origin,E-SP-HA-M-000003-origin,independent_underlying_works,"Both include the lateral tibial condyle, proximal tibia, and interosseous membrane. StatPearls also names the superomedial fibula; omission in the other source is not a contradiction."
field_observation,HA-M-000003,origin,E-SP-HA-M-000003-origin,"{""fibula"":""superomedial"",""interosseousMembrane"":true,""tibia"":[""lateral condyle"",""proximal half of shaft""]}",543f141cb60f71d63bd1395a719e445a3e630dd689ff3e76813d9ed51dcebaae,T18-STATPEARLS-FOOT-MUSCLES-2025,WORK-STATPEARLS-CARD-BORDONI-2025,https://www.ncbi.nlm.nih.gov/books/NBK539705/table/article-32230.table0/,verified,"Card RK, Bordoni B. Anatomy, Bony Pelvis and Lower Limb, Foot Muscles. Updated 2025-12-09. In: StatPearls [Internet], 2026 Jan-. Table 1.",A-SP-HA-M-000003-origin,"Table 1, Tibialis anterior row, Origin column",2026-09-27,repository_full_text,full_text_opened,wording_difference,ai_candidate,C-HA-M-000003-origin,E-HOA-HA-M-000003-origin,independent_underlying_works,"Both include the lateral tibial condyle, proximal tibia, and interosseous membrane. StatPearls also names the superomedial fibula; omission in the other source is not a contradiction."
field_observation,HA-M-000003,insertion,E-HOA-HA-M-000003-insertion,"{""bones"":[""medial cuneiform"",""base of first metatarsal""]}",70c0a6a86c7a7c3c95f35d59ffd03f944f91d0f8f053507d50db154095407e7a,T18-HANDS-ON-ANATOMY-2024,WORK-HANDS-ON-ANATOMY-2024,https://temple.manifoldapp.org/read/a852952e-bd23-4a54-be97-be3a7ef5039f/section/fbaf4654-749e-4c63-baed-5d17cf03aafe,verified,"Hands-on Anatomy, 2024 publication (no numbered edition stated), Chapter 7: The Knee and Lower Leg; title/copyright page states ©2024.",A-HOA-HA-M-000003-insertion,Chapter 7 > Tibialis Anterior > Insertion(s),2026-09-27,publisher_full_text,full_text_opened,wording_difference,ai_candidate,C-HA-M-000003-insertion,E-SP-HA-M-000003-insertion,independent_underlying_works,Both name the medial cuneiform and base of metatarsal I; StatPearls specifies medial and plantar surfaces.
field_observation,HA-M-000003,insertion,E-SP-HA-M-000003-insertion,"{""bones"":[""medial cuneiform"",""base of first metatarsal""],""surfaces"":[""medial"",""plantar""]}",e98a2934b72ee9b0392aaeed2e54f09f1cd8adf45c472ee18d5dbe8338f7cd61,T18-STATPEARLS-FOOT-MUSCLES-2025,WORK-STATPEARLS-CARD-BORDONI-2025,https://www.ncbi.nlm.nih.gov/books/NBK539705/table/article-32230.table0/,verified,"Card RK, Bordoni B. Anatomy, Bony Pelvis and Lower Limb, Foot Muscles. Updated 2025-12-09. In: StatPearls [Internet], 2026 Jan-. Table 1.",A-SP-HA-M-000003-insertion,"Table 1, Tibialis anterior row, Insertion column",2026-09-27,repository_full_text,full_text_opened,wording_difference,ai_candidate,C-HA-M-000003-insertion,E-HOA-HA-M-000003-insertion,independent_underlying_works,Both name the medial cuneiform and base of metatarsal I; StatPearls specifies medial and plantar surfaces.
field_observation,HA-M-000004,origin,E-HOA-HA-M-000004-origin,"{""bones"":[""interosseous membrane"",""tibia""]}",472e512bc896090b178ec74b433f0a1b3cc92ca1c8c9e3c9c2b1a0a1a92d9f0b,T18-HANDS-ON-ANATOMY-2024,WORK-HANDS-ON-ANATOMY-2024,https://temple.manifoldapp.org/read/a852952e-bd23-4a54-be97-be3a7ef5039f/section/fbaf4654-749e-4c63-baed-5d17cf03aafe,verified,"Hands-on Anatomy, 2024 publication (no numbered edition stated), Chapter 7: The Knee and Lower Leg; title/copyright page states ©2024.",A-HOA-HA-M-000004-origin,Chapter 7 > Tibialis Posterior > Origin(s),2026-09-27,publisher_full_text,full_text_opened,wording_difference,ai_candidate,C-HA-M-000004-origin,E-SP-HA-M-000004-origin,independent_underlying_works,Both name the tibia and interosseous membrane; StatPearls adds the posterior fibula and extent detail.
field_observation,HA-M-000004,origin,E-SP-HA-M-000004-origin,"{""fibula"":""posterior"",""interosseousMembrane"":true,""tibia"":""superior two thirds, medial posterior""}",6d8588915ec468179ad4b99d9c310314aebef141c8a4cd3ec726791d72def0b6,T18-STATPEARLS-FOOT-MUSCLES-2025,WORK-STATPEARLS-CARD-BORDONI-2025,https://www.ncbi.nlm.nih.gov/books/NBK539705/table/article-32230.table0/,verified,"Card RK, Bordoni B. Anatomy, Bony Pelvis and Lower Limb, Foot Muscles. Updated 2025-12-09. In: StatPearls [Internet], 2026 Jan-. Table 1.",A-SP-HA-M-000004-origin,"Table 1, Tibialis posterior row, Origin column",2026-09-27,repository_full_text,full_text_opened,wording_difference,ai_candidate,C-HA-M-000004-origin,E-HOA-HA-M-000004-origin,independent_underlying_works,Both name the tibia and interosseous membrane; StatPearls adds the posterior fibula and extent detail.
field_observation,HA-M-000004,insertion,E-HOA-HA-M-000004-insertion,"{""sites"":[""navicular tuberosity"",""cuneiforms"",""cuboid"",""sustentaculum tali"",""bases of metatarsals 2-4""]}",a49a41f41c2afbb7b0196c3b689998a1bd1816631708e9a50ae36b7c39c89594,T18-HANDS-ON-ANATOMY-2024,WORK-HANDS-ON-ANATOMY-2024,https://temple.manifoldapp.org/read/a852952e-bd23-4a54-be97-be3a7ef5039f/section/fbaf4654-749e-4c63-baed-5d17cf03aafe,verified,"Hands-on Anatomy, 2024 publication (no numbered edition stated), Chapter 7: The Knee and Lower Leg; title/copyright page states ©2024.",A-HOA-HA-M-000004-insertion,Chapter 7 > Tibialis Posterior > Insertion(s),2026-09-27,publisher_full_text,full_text_opened,wording_difference,ai_candidate,C-HA-M-000004-insertion,E-SP-HA-M-000004-insertion,independent_underlying_works,"Both name navicular, cuneiforms, cuboid, and metatarsal bases II-IV. Hands-on Anatomy also lists sustentaculum tali; StatPearls does not name it. This omission alone does not establish a variant or contradiction."
field_observation,HA-M-000004,insertion,E-SP-HA-M-000004-insertion,"{""deep"":[""plantar bases of metatarsals 2-4""],""superficial"":[""navicular tuberosity"",""cuneiforms"",""cuboid""]}",8b8c8ec7dfae4dd660084c6ba69571e4cf8295f183dde9fce144019acbc2bf3a,T18-STATPEARLS-FOOT-MUSCLES-2025,WORK-STATPEARLS-CARD-BORDONI-2025,https://www.ncbi.nlm.nih.gov/books/NBK539705/table/article-32230.table0/,verified,"Card RK, Bordoni B. Anatomy, Bony Pelvis and Lower Limb, Foot Muscles. Updated 2025-12-09. In: StatPearls [Internet], 2026 Jan-. Table 1.",A-SP-HA-M-000004-insertion,"Table 1, Tibialis posterior row, Insertion column",2026-09-27,repository_full_text,full_text_opened,wording_difference,ai_candidate,C-HA-M-000004-insertion,E-HOA-HA-M-000004-insertion,independent_underlying_works,"Both name navicular, cuneiforms, cuboid, and metatarsal bases II-IV. Hands-on Anatomy also lists sustentaculum tali; StatPearls does not name it. This omission alone does not establish a variant or contradiction."
field_observation,HA-M-000005,origin,E-HOA-HA-M-000005-origin,"{""fibula"":[""head"",""superior two thirds""]}",bea98e9d4d02457ed45cf0434abbcec34ad0b0db68c7c6428b2815ed1436cd89,T18-HANDS-ON-ANATOMY-2024,WORK-HANDS-ON-ANATOMY-2024,https://temple.manifoldapp.org/read/a852952e-bd23-4a54-be97-be3a7ef5039f/section/fbaf4654-749e-4c63-baed-5d17cf03aafe,verified,"Hands-on Anatomy, 2024 publication (no numbered edition stated), Chapter 7: The Knee and Lower Leg; title/copyright page states ©2024.",A-HOA-HA-M-000005-origin,Chapter 7 > Fibularis Longus > Origin(s),2026-09-27,publisher_full_text,full_text_opened,substantive_conflict,ai_candidate,C-HA-M-000005-origin,E-SP-HA-M-000005-origin,independent_underlying_works,"Both name the fibular head, but the stated proximal extent differs: superior two-thirds versus superior one-half. No source or reviewer in this task resolves it."
field_observation,HA-M-000005,origin,E-SP-HA-M-000005-origin,"{""fibula"":[""head"",""superior one half""]}",67a4c17a68c4fceec3cc38d8aeb138fba643235c6546089cd476c791a22c5bd7,T18-STATPEARLS-FOOT-MUSCLES-2025,WORK-STATPEARLS-CARD-BORDONI-2025,https://www.ncbi.nlm.nih.gov/books/NBK539705/table/article-32230.table0/,verified,"Card RK, Bordoni B. Anatomy, Bony Pelvis and Lower Limb, Foot Muscles. Updated 2025-12-09. In: StatPearls [Internet], 2026 Jan-. Table 1.",A-SP-HA-M-000005-origin,"Table 1, Fibularis longus row, Origin column",2026-09-27,repository_full_text,full_text_opened,substantive_conflict,ai_candidate,C-HA-M-000005-origin,E-HOA-HA-M-000005-origin,independent_underlying_works,"Both name the fibular head, but the stated proximal extent differs: superior two-thirds versus superior one-half. No source or reviewer in this task resolves it."
field_observation,HA-M-000005,insertion,E-HOA-HA-M-000005-insertion,"{""bones"":[""base of first metatarsal"",""medial cuneiform""]}",b6d64b407ee1ed76633a39e38e3283c3388b357349ce084df74ce06dae8ce041,T18-HANDS-ON-ANATOMY-2024,WORK-HANDS-ON-ANATOMY-2024,https://temple.manifoldapp.org/read/a852952e-bd23-4a54-be97-be3a7ef5039f/section/fbaf4654-749e-4c63-baed-5d17cf03aafe,verified,"Hands-on Anatomy, 2024 publication (no numbered edition stated), Chapter 7: The Knee and Lower Leg; title/copyright page states ©2024.",A-HOA-HA-M-000005-insertion,Chapter 7 > Fibularis Longus > Insertion(s),2026-09-27,publisher_full_text,full_text_opened,wording_difference,ai_candidate,C-HA-M-000005-insertion,E-SP-HA-M-000005-insertion,independent_underlying_works,Both name metatarsal I base and medial cuneiform; StatPearls adds surface direction detail.
field_observation,HA-M-000005,insertion,E-SP-HA-M-000005-insertion,"{""bones"":[""lateral base of first metatarsal"",""posterolateral medial cuneiform""]}",63cf3286b5f5177f3df63cfb5e902bb6f23ec1d4d1849d65f6082b68e5c6d5a6,T18-STATPEARLS-FOOT-MUSCLES-2025,WORK-STATPEARLS-CARD-BORDONI-2025,https://www.ncbi.nlm.nih.gov/books/NBK539705/table/article-32230.table0/,verified,"Card RK, Bordoni B. Anatomy, Bony Pelvis and Lower Limb, Foot Muscles. Updated 2025-12-09. In: StatPearls [Internet], 2026 Jan-. Table 1.",A-SP-HA-M-000005-insertion,"Table 1, Fibularis longus row, Insertion column",2026-09-27,repository_full_text,full_text_opened,wording_difference,ai_candidate,C-HA-M-000005-insertion,E-HOA-HA-M-000005-insertion,independent_underlying_works,Both name metatarsal I base and medial cuneiform; StatPearls adds surface direction detail.
field_observation,HA-M-000006,origin,E-HOA-HA-M-000006-origin,"{""fibula"":""inferior two thirds""}",65b764e26755dbfd0c75b4b887c6af80d1a56008e5d48c3441ee0437484e1fd7,T18-HANDS-ON-ANATOMY-2024,WORK-HANDS-ON-ANATOMY-2024,https://temple.manifoldapp.org/read/a852952e-bd23-4a54-be97-be3a7ef5039f/section/fbaf4654-749e-4c63-baed-5d17cf03aafe,verified,"Hands-on Anatomy, 2024 publication (no numbered edition stated), Chapter 7: The Knee and Lower Leg; title/copyright page states ©2024.",A-HOA-HA-M-000006-origin,Chapter 7 > Fibularis Brevis > Origin(s),2026-09-27,publisher_full_text,full_text_opened,wording_difference,ai_candidate,C-HA-M-000006-origin,E-SP-HA-M-000006-origin,independent_underlying_works,Both state inferior two-thirds of the fibula; StatPearls specifies the lateral surface.
field_observation,HA-M-000006,origin,E-SP-HA-M-000006-origin,"{""fibula"":""inferior two thirds, lateral""}",03c5ea5f4166e52c063c1089f81e8077854d0bd3ae3c447ecd9b3ff71df7c34a,T18-STATPEARLS-FOOT-MUSCLES-2025,WORK-STATPEARLS-CARD-BORDONI-2025,https://www.ncbi.nlm.nih.gov/books/NBK539705/table/article-32230.table0/,verified,"Card RK, Bordoni B. Anatomy, Bony Pelvis and Lower Limb, Foot Muscles. Updated 2025-12-09. In: StatPearls [Internet], 2026 Jan-. Table 1.",A-SP-HA-M-000006-origin,"Table 1, Fibularis brevis row, Origin column",2026-09-27,repository_full_text,full_text_opened,wording_difference,ai_candidate,C-HA-M-000006-origin,E-HOA-HA-M-000006-origin,independent_underlying_works,Both state inferior two-thirds of the fibula; StatPearls specifies the lateral surface.
field_observation,HA-M-000006,insertion,E-HOA-HA-M-000006-insertion,"{""site"":""lateral base of fifth metatarsal""}",dea638c4c100912f5abc406985d3383532a38a90a71be070bcd37199036856f9,T18-HANDS-ON-ANATOMY-2024,WORK-HANDS-ON-ANATOMY-2024,https://temple.manifoldapp.org/read/a852952e-bd23-4a54-be97-be3a7ef5039f/section/fbaf4654-749e-4c63-baed-5d17cf03aafe,verified,"Hands-on Anatomy, 2024 publication (no numbered edition stated), Chapter 7: The Knee and Lower Leg; title/copyright page states ©2024.",A-HOA-HA-M-000006-insertion,Chapter 7 > Fibularis Brevis > Insertion(s),2026-09-27,publisher_full_text,full_text_opened,wording_difference,ai_candidate,C-HA-M-000006-insertion,E-SP-HA-M-000006-insertion,independent_underlying_works,Both place insertion at the base region of metatarsal V; the terms lateral base and styloid process are retained as source wording.
field_observation,HA-M-000006,insertion,E-SP-HA-M-000006-insertion,"{""site"":""styloid process of fifth metatarsal""}",dc27f99a595bbaefd83626d8a38e5e46fa3d00fd89eb2a6b711b5f49f6f45c19,T18-STATPEARLS-FOOT-MUSCLES-2025,WORK-STATPEARLS-CARD-BORDONI-2025,https://www.ncbi.nlm.nih.gov/books/NBK539705/table/article-32230.table0/,verified,"Card RK, Bordoni B. Anatomy, Bony Pelvis and Lower Limb, Foot Muscles. Updated 2025-12-09. In: StatPearls [Internet], 2026 Jan-. Table 1.",A-SP-HA-M-000006-insertion,"Table 1, Fibularis brevis row, Insertion column",2026-09-27,repository_full_text,full_text_opened,wording_difference,ai_candidate,C-HA-M-000006-insertion,E-HOA-HA-M-000006-insertion,independent_underlying_works,Both place insertion at the base region of metatarsal V; the terms lateral base and styloid process are retained as source wording.
